november-meetup-2012, 22
december-meetup-2012, 35
january-meetup-2013, 39
febuary-meetup-2013, 43
march-meetup-2013, 32
april-meetup-2013, 30
may-meetup-2013, 31
june-meetup-2013, 50
july-meetup-2013, 67
august-meetup-2013, 41
september-meetup-2013, 64
october-meetup-2013, 50
november-meetup-2013, 61
december-meetup-2013, 43
january-meetup-2014, 75
february-meetup-2014, 67
march-meetup-2014, 59
april-meetup-2014, 77
may-meetup-2014, 73
june-meetup-2014, 60
july-meetup-2014, 89
august-meetup-2014, 78
september-meetup-2014, 57
october-meetup-2014, 50
november-meetup-2014, 72
december-meetup-2014, 56
january-meetup-2015, 92
february-meetup-2015, 74
march-meetup-2015, 74
april-meetup-2015, 55
may-meetup-2015, 64
june-meetup-2015, 57
july-meetup-2015, 67
august-meetup-2015, 67
september-meetup-2015, 45
october-meetup-2015, 45
november-meetup-2015, 75
december-meetup-2015, 69
january-meetup-2016, 47
february-meetup-2016, 53
march-meetup-2016, 59
april-meetup-2016, 82
may-meetup-2016, 60
june-meetup-2016, 32
july-meetup-2016, 51
august-meetup-2016, 33
september-meetup-2016, 68
october-meetup-2016, 55
november-meetup-2016, 43
december-meetup-2016, 49
january-meetup-2017, 40
february-meetup-2017, 49
march-meetup-2017, 37
april-meetup-2017, 44
may-meetup-2017, 57
june-meetup-2017, 27
